Date,Adj Close
2014-05-22,124.67
2014-05-21,124.39
2014-05-20,124.69
2014-05-19,124.58
2014-05-16,124.50
2014-05-15,124.77
2014-05-14,125.81
2014-05-13,124.60
2014-05-12,124.94
2014-05-09,124.10
2014-05-08,124.17
2014-05-07,124.17
2014-05-06,125.98
2014-05-05,126.22
2014-05-02,125.06
2014-05-01,123.80
2014-04-30,124.22
2014-04-29,124.86
2014-04-28,124.88
2014-04-25,125.43
2014-04-24,124.56
2014-04-23,123.76
2014-04-22,123.78
2014-04-21,124.24
2014-04-17,124.75
2014-04-16,125.54
2014-04-15,125.49
2014-04-14,127.85
2014-04-11,126.93
2014-04-10,127.01
2014-04-09,126.32
2014-04-08,126.09
2014-04-07,124.91
2014-04-04,125.57
2014-04-03,123.92
2014-04-02,124.32
2014-04-01,123.39
2014-03-31,123.61
2014-03-28,124.56
2014-03-27,124.59
2014-03-26,125.41
2014-03-25,126.41
2014-03-24,126.18
2014-03-21,128.47
2014-03-20,127.86
2014-03-19,128.09
2014-03-18,130.62
2014-03-17,131.64
2014-03-14,133.10
2014-03-13,132.21
2014-03-12,131.76
2014-03-11,129.86
2014-03-10,129.13
2014-03-07,129.09
2014-03-06,130.17
2014-03-05,128.89
2014-03-04,128.68
2014-03-03,130.29
2014-02-28,127.62
2014-02-27,128.20
2014-02-26,128.11
2014-02-25,129.21
2014-02-24,128.99
2014-02-21,127.58
2014-02-20,127.60
2014-02-19,126.27
2014-02-18,127.40
2014-02-14,127.15
2014-02-13,125.49
2014-02-12,124.43
2014-02-11,124.36
2014-02-10,122.92
2014-02-07,122.17
2014-02-06,121.24
2014-02-05,121.29
2014-02-04,120.99
2014-02-03,121.32
2014-01-31,120.09
2014-01-30,119.77
2014-01-29,122.47
2014-01-28,120.95
2014-01-27,120.96
2014-01-24,122.29
2014-01-23,121.79
2014-01-22,119.19
2014-01-21,119.70
2014-01-17,120.93
2014-01-16,119.79
2014-01-15,119.66
2014-01-14,119.89
2014-01-13,121.02
2014-01-10,120.26
2014-01-09,118.46
2014-01-08,118.12
2014-01-07,118.82
2014-01-06,119.50
2014-01-03,119.29
2014-01-02,118.00
2013-12-31,116.12
2013-12-30,115.39
2013-12-27,117.12
2013-12-26,116.74
2013-12-24,116.10
2013-12-23,115.57
2013-12-20,115.94
2013-12-19,114.82
2013-12-18,117.61
2013-12-17,118.65
2013-12-16,119.69
2013-12-13,119.38
2013-12-12,118.29
2013-12-11,120.86
2013-12-10,121.82
2013-12-09,119.72
2013-12-06,118.55
2013-12-05,118.30
2013-12-04,119.96
2013-12-03,117.96
2013-12-02,117.58
2013-11-29,120.70
2013-11-27,119.46
2013-11-26,119.82
2013-11-25,120.46
2013-11-22,119.92
2013-11-21,119.94
2013-11-20,120.12
2013-11-19,122.95
2013-11-18,122.90
2013-11-15,124.32
2013-11-14,124.27
2013-11-13,122.85
2013-11-12,122.45
2013-11-11,123.87
2013-11-08,124.28
2013-11-07,126.16
2013-11-06,127.20
2013-11-05,126.56
2013-11-04,126.81
2013-11-01,126.95
2013-10-31,127.74
2013-10-30,129.60
2013-10-29,129.77
2013-10-28,130.56
2013-10-25,130.46
2013-10-24,129.90
2013-10-23,128.69
2013-10-22,129.34
2013-10-21,126.98
2013-10-18,126.85
2013-10-17,127.42
2013-10-16,123.54
2013-10-15,123.73
2013-10-14,122.83
2013-10-11,122.60
2013-10-10,124.27
2013-10-09,126.11
2013-10-08,127.40
2013-10-07,127.64
2013-10-04,126.53
2013-10-03,127.18
2013-10-02,127.06
2013-10-01,124.59
2013-09-30,128.18
2013-09-27,128.97
2013-09-26,127.79
2013-09-25,128.79
2013-09-24,127.66
2013-09-23,127.55
2013-09-20,127.96
2013-09-19,131.75
2013-09-18,132.01
2013-09-17,126.50
2013-09-16,126.45
2013-09-13,127.82
2013-09-12,127.67
2013-09-11,131.70
2013-09-10,131.74
2013-09-09,133.91
2013-09-06,134.15
2013-09-05,132.20
2013-09-04,134.66
2013-09-03,136.42
2013-08-30,134.62
2013-08-29,135.87
2013-08-28,136.71
2013-08-27,136.75
2013-08-26,135.45
2013-08-23,134.90
2013-08-22,132.81
2013-08-21,132.07
2013-08-20,132.45
2013-08-19,132.01
2013-08-16,132.58
2013-08-15,131.69
2013-08-14,129.00
2013-08-13,127.74
2013-08-12,129.13
2013-08-09,126.86
2013-08-08,126.86
2013-08-07,124.15
2013-08-06,123.97
2013-08-05,125.70
2013-08-02,126.36
2013-08-01,126.61
2013-07-31,127.96
2013-07-30,128.12
2013-07-29,128.47
2013-07-26,128.78
2013-07-25,128.67
2013-07-24,127.48
2013-07-23,129.71
2013-07-22,128.84
2013-07-19,125.11
2013-07-18,124.01
2013-07-17,123.32
2013-07-16,124.89
2013-07-15,124.18
2013-07-12,124.13
2013-07-11,124.24
2013-07-10,120.95
2013-07-09,120.62
2013-07-08,119.51
2013-07-05,118.09
2013-07-03,120.74
2013-07-02,120.05
2013-07-01,121.13
2013-06-28,119.11
2013-06-27,115.94
2013-06-26,118.28
2013-06-25,123.47
2013-06-24,123.93
2013-06-21,125.05
2013-06-20,123.60
2013-06-19,130.59
2013-06-18,132.13
2013-06-17,133.77
2013-06-14,134.43
2013-06-13,133.74
2013-06-12,134.25
2013-06-11,133.25
2013-06-10,133.94
2013-06-07,133.28
2013-06-06,136.53
2013-06-05,135.52
2013-06-04,135.23
2013-06-03,136.51
2013-05-31,133.92
2013-05-30,136.70
2013-05-29,134.83
2013-05-28,133.49
2013-05-24,133.76
2013-05-23,134.61
2013-05-22,131.94
2013-05-21,132.88
2013-05-20,135.12
2013-05-17,131.07
2013-05-16,134.09
2013-05-15,134.63
2013-05-14,137.81
2013-05-13,138.43
2013-05-10,139.60
2013-05-09,140.81
2013-05-08,142.46
2013-05-07,140.38
2013-05-06,142.15
2013-05-03,142.09
2013-05-02,141.92
2013-05-01,141.11
2013-04-30,142.77
2013-04-29,142.30
2013-04-26,140.91
2013-04-25,141.63
2013-04-24,138.37
2013-04-23,136.88
2013-04-22,137.90
2013-04-19,135.47
2013-04-18,134.30
2013-04-17,132.87
2013-04-16,132.80
2013-04-15,131.31
2013-04-12,143.95
2013-04-11,151.05
2013-04-10,150.75
2013-04-09,153.34
2013-04-08,152.16
2013-04-05,152.81
2013-04-04,150.29
2013-04-03,150.73
2013-04-02,152.43
2013-04-01,154.67
2013-03-28,154.45
2013-03-27,155.36
2013-03-26,154.72
2013-03-25,155.24
2013-03-22,155.55
2013-03-21,156.25
2013-03-20,155.37
2013-03-19,156.08
2013-03-18,155.38
2013-03-15,154.00
2013-03-14,153.68
2013-03-13,153.66
2013-03-12,154.19
2013-03-11,152.99
2013-03-08,152.71
2013-03-07,152.69
2013-03-06,153.23
2013-03-05,152.38
2013-03-04,152.30
2013-03-01,152.44
2013-02-28,153.00
2013-02-27,154.57
2013-02-26,156.22
2013-02-25,154.34
2013-02-22,152.97
2013-02-21,152.62
2013-02-20,151.44
2013-02-19,155.33
2013-02-15,155.76
2013-02-14,158.35
2013-02-13,159.05
2013-02-12,159.89
2013-02-11,159.70
2013-02-08,161.57
2013-02-07,161.84
2013-02-06,162.39
2013-02-05,161.96
2013-02-04,162.00
2013-02-01,161.45
2013-01-31,161.20
2013-01-30,162.19
2013-01-29,160.99
2013-01-28,160.29
2013-01-25,160.65
2013-01-24,161.42
2013-01-23,163.21
2013-01-22,163.67
2013-01-18,163.09
2013-01-17,163.35
2013-01-16,162.65
2013-01-15,162.56
2013-01-14,161.54
2013-01-11,161.06
2013-01-10,161.98
2013-01-09,160.49
2013-01-08,160.56
2013-01-07,159.43
2013-01-04,160.44
2013-01-03,161.20
2013-01-02,163.17
2012-12-31,162.02
2012-12-28,160.54
2012-12-27,161.16
2012-12-26,160.78
2012-12-24,160.62
2012-12-21,160.33
2012-12-20,159.73
2012-12-19,161.69
2012-12-18,162.08
2012-12-17,164.44
2012-12-14,164.13
2012-12-13,164.37
2012-12-12,165.77
2012-12-11,165.65
2012-12-10,165.80
2012-12-07,165.16
2012-12-06,164.50
2012-12-05,164.12
2012-12-04,164.42
2012-12-03,166.13
2012-11-30,166.05
2012-11-29,167.18
2012-11-28,166.55
2012-11-27,168.71
2012-11-26,169.43
2012-11-23,169.61
2012-11-21,167.56
2012-11-20,167.39
2012-11-19,167.87
2012-11-16,165.88
2012-11-15,166.09
2012-11-14,167.14
2012-11-13,167.10
2012-11-12,167.45
2012-11-09,167.82
2012-11-08,167.99
2012-11-07,166.49
2012-11-06,166.30
2012-11-05,163.23
2012-11-02,162.60
2012-11-01,166.07
2012-10-31,166.83
2012-10-26,165.93
2012-10-25,166.02
2012-10-24,164.86
2012-10-23,165.43
2012-10-22,167.58
2012-10-19,166.97
2012-10-18,168.79
2012-10-17,169.54
2012-10-16,169.42
2012-10-15,168.35
2012-10-12,170.06
2012-10-11,171.32
2012-10-10,170.84
2012-10-09,170.99
2012-10-08,172.05
2012-10-05,172.62
2012-10-04,173.61
2012-10-03,172.41
2012-10-02,172.10
2012-10-01,172.29
2012-09-28,171.89
2012-09-27,172.34
2012-09-26,169.81
2012-09-25,170.77
2012-09-24,171.05
2012-09-21,171.96
2012-09-20,171.47
2012-09-19,171.74
2012-09-18,171.72
2012-09-17,170.40
2012-09-14,171.80
2012-09-13,171.31
2012-09-12,167.92
2012-09-11,167.90
2012-09-10,167.29
2012-09-07,168.44
2012-09-06,164.89
2012-09-05,164.31
2012-09-04,164.48
2012-08-31,164.22
2012-08-30,160.52
2012-08-29,160.59
2012-08-28,161.64
2012-08-27,161.36
2012-08-24,161.97
2012-08-23,161.89
2012-08-22,160.54
2012-08-21,158.83
2012-08-20,157.26
2012-08-17,156.72
2012-08-16,156.56
2012-08-15,155.63
2012-08-14,155.13
2012-08-13,155.99
2012-08-10,157.18
2012-08-09,156.99
2012-08-08,156.48
2012-08-07,156.28
2012-08-06,156.30
2012-08-03,155.55
2012-08-02,154.13
2012-08-01,155.14
2012-07-31,156.49
2012-07-30,157.43
2012-07-27,157.54
2012-07-26,156.77
2012-07-25,155.67
2012-07-24,153.52
2012-07-23,153.03
2012-07-20,153.67
2012-07-19,153.38
2012-07-18,153.05
2012-07-17,153.47
2012-07-16,154.21
2012-07-13,154.14
2012-07-12,152.59
2012-07-11,152.99
2012-07-10,152.15
2012-07-09,154.04
2012-07-06,153.71
2012-07-05,155.68
2012-07-03,157.46
2012-07-02,155.09
2012-06-29,155.19
2012-06-28,151.05
2012-06-27,152.83
2012-06-26,152.62
2012-06-25,153.76
2012-06-22,152.64
2012-06-21,152.02
2012-06-20,155.97
2012-06-19,157.16
2012-06-18,157.93
2012-06-15,157.84
2012-06-14,157.75
2012-06-13,157.12
2012-06-12,156.46
2012-06-11,155.36
2012-06-08,154.73
2012-06-07,154.50
2012-06-06,157.21
2012-06-05,157.14
2012-06-04,157.32
2012-06-01,157.50
2012-05-31,151.62
2012-05-30,151.91
2012-05-29,151.02
2012-05-25,152.68
2012-05-24,151.41
2012-05-23,151.62
2012-05-22,152.08
2012-05-21,154.65
2012-05-18,154.55
2012-05-17,152.80
2012-05-16,149.46
2012-05-15,149.74
2012-05-14,151.33
2012-05-11,153.56
2012-05-10,154.77
2012-05-09,154.47
2012-05-08,156.00
2012-05-07,159.08
2012-05-04,159.47
2012-05-03,158.97
2012-05-02,160.59
2012-05-01,161.32
2012-04-30,161.88
2012-04-27,161.38
2012-04-26,161.03
2012-04-25,159.62
2012-04-24,159.30
2012-04-23,159.07
2012-04-20,159.54
2012-04-19,159.43
2012-04-18,159.31
2012-04-17,160.25
2012-04-16,160.46
2012-04-13,160.85
2012-04-12,162.70
2012-04-11,161.07
2012-04-10,161.10
2012-04-09,159.37
2012-04-05,158.31
2012-04-04,157.21
2012-04-03,159.89
2012-04-02,162.94
2012-03-30,162.12
2012-03-29,161.28
2012-03-28,161.51
2012-03-27,163.24
2012-03-26,164.40
2012-03-23,161.53
2012-03-22,159.57
2012-03-21,160.21
2012-03-20,160.13
2012-03-19,161.59
2012-03-16,161.30
2012-03-15,161.08
2012-03-14,159.57
2012-03-13,162.30
2012-03-12,165.07
2012-03-09,166.38
2012-03-08,165.28
2012-03-07,163.63
2012-03-06,162.70
2012-03-05,165.65
2012-03-02,166.34
2012-03-01,166.61
2012-02-29,164.29
2012-02-28,173.49
2012-02-27,171.70
2012-02-24,172.23
2012-02-23,173.02
2012-02-22,172.94
2012-02-21,171.02
2012-02-17,167.35
2012-02-16,168.00
2012-02-15,168.11
2012-02-14,167.12
2012-02-13,167.51
2012-02-10,167.14
2012-02-09,168.02
2012-02-08,168.50
2012-02-07,169.70
2012-02-06,167.18
2012-02-03,167.64
2012-02-02,171.05
2012-02-01,169.56
2012-01-31,169.31
2012-01-30,168.03
2012-01-27,168.97
2012-01-26,167.27
2012-01-25,166.42
2012-01-24,162.01
2012-01-23,163.16
2012-01-20,162.07
2012-01-19,161.22
2012-01-18,161.60
2012-01-17,160.50
2012-01-13,159.26
2012-01-12,160.38
2012-01-11,159.67
2012-01-10,158.64
2012-01-09,156.50
2012-01-06,157.20
2012-01-05,157.78
2012-01-04,156.71
2012-01-03,155.92
2011-12-30,151.99
2011-12-29,150.34
2011-12-28,151.03
2011-12-27,154.91
2011-12-23,156.31
2011-12-22,156.04
2011-12-21,157.16
2011-12-20,156.98
2011-12-19,154.87
2011-12-16,155.23
2011-12-15,152.33
2011-12-14,152.89
2011-12-13,158.45
2011-12-12,161.99
2011-12-09,166.40
2011-12-08,165.98
2011-12-07,169.40
2011-12-06,168.18
2011-12-05,167.32
2011-12-02,169.82
2011-12-01,169.63
2011-11-30,170.13
2011-11-29,166.88
2011-11-28,166.63
2011-11-25,163.40
2011-11-23,164.83
2011-11-22,165.31
2011-11-21,163.50
2011-11-18,167.62
2011-11-17,167.10
2011-11-16,171.51
2011-11-15,173.36
2011-11-14,173.20
2011-11-11,173.96
2011-11-10,171.14
2011-11-09,172.07
2011-11-08,173.53
2011-11-07,174.98
2011-11-04,170.85
2011-11-03,171.72
2011-11-02,169.06
2011-11-01,167.38
2011-10-31,167.34
2011-10-28,169.62
2011-10-27,169.55
2011-10-26,167.40
2011-10-25,165.59
2011-10-24,161.02
2011-10-21,159.52
2011-10-20,157.77
2011-10-19,159.87
2011-10-18,161.84
2011-10-17,162.62
2011-10-14,163.40
2011-10-13,162.30
2011-10-12,163.26
2011-10-11,162.10
2011-10-10,163.27
2011-10-07,159.18
2011-10-06,160.49
2011-10-05,159.46
2011-10-04,157.64
2011-10-03,160.96
2011-09-30,158.06
2011-09-29,157.70
2011-09-28,156.22
2011-09-27,160.63
2011-09-26,157.58
2011-09-23,159.80
2011-09-22,169.05
2011-09-21,173.59
2011-09-20,175.78
2011-09-19,173.31
2011-09-16,176.03
2011-09-15,174.40
2011-09-14,177.21
2011-09-13,178.54
2011-09-12,176.67
2011-09-09,180.70
2011-09-08,181.81
2011-09-07,177.08
2011-09-06,182.90
2011-09-02,183.24
2011-09-01,177.87
2011-08-31,177.72
2011-08-30,179.10
2011-08-29,173.89
2011-08-26,177.47
2011-08-25,172.36
2011-08-24,171.65
2011-08-23,177.67
2011-08-22,184.59
2011-08-19,179.95
2011-08-18,177.72
2011-08-17,174.42
2011-08-16,173.92
2011-08-15,171.80
2011-08-12,169.97
2011-08-11,170.75
2011-08-10,174.58
2011-08-09,168.61
2011-08-08,167.12
2011-08-05,161.75
2011-08-04,160.64
2011-08-03,161.49
2011-08-02,161.52
2011-08-01,157.72
2011-07-29,158.29
2011-07-28,157.32
2011-07-27,157.19
2011-07-26,157.77
2011-07-25,157.34
2011-07-22,156.12
2011-07-21,154.83
2011-07-20,156.02
2011-07-19,154.66
2011-07-18,156.57
2011-07-15,155.20
2011-07-14,154.54
2011-07-13,154.14
2011-07-12,152.77
2011-07-11,151.59
2011-07-08,150.25
2011-07-07,149.15
2011-07-06,148.91
2011-07-05,147.63
2011-07-01,144.93
2011-06-30,146.00
2011-06-29,147.18
2011-06-28,146.24
2011-06-27,145.73
2011-06-24,146.26
2011-06-23,148.34
2011-06-22,150.99
2011-06-21,150.76
2011-06-20,150.03
2011-06-17,149.94
2011-06-16,148.97
2011-06-15,149.12
2011-06-14,148.67
2011-06-13,147.77
2011-06-10,149.24
2011-06-09,150.56
2011-06-08,149.81
2011-06-07,150.42
2011-06-06,150.48
2011-06-03,150.22
2011-06-02,149.50
2011-06-01,149.91
2011-05-31,149.64
2011-05-27,149.70
2011-05-26,148.22
2011-05-25,148.58
2011-05-24,148.59
2011-05-23,147.83
2011-05-20,147.49
2011-05-19,145.65
2011-05-18,145.60
2011-05-17,144.74
2011-05-16,145.37
2011-05-13,145.63
2011-05-12,146.59
2011-05-11,146.54
2011-05-10,147.90
2011-05-09,147.38
2011-05-06,145.30
2011-05-05,143.47
2011-05-04,147.73
2011-05-03,149.88
2011-05-02,150.41
2011-04-29,152.37
2011-04-28,149.82
2011-04-27,149.20
2011-04-26,146.38
2011-04-25,146.87
2011-04-21,146.74
2011-04-20,146.50
2011-04-19,145.93
2011-04-18,145.93
2011-04-15,145.05
2011-04-14,143.81
2011-04-13,141.90
2011-04-12,141.61
2011-04-11,142.64
2011-04-08,143.66
2011-04-07,142.51
2011-04-06,142.38
2011-04-05,142.05
2011-04-04,139.84
2011-04-01,139.20
2011-03-31,139.86
2011-03-30,138.67
2011-03-29,138.21
2011-03-28,138.54
2011-03-25,139.26
2011-03-24,139.22
2011-03-23,140.34
2011-03-22,139.05
2011-03-21,139.14
2011-03-18,138.37
2011-03-17,136.97
2011-03-16,136.24
2011-03-15,136.27
2011-03-14,138.86
2011-03-11,138.22
2011-03-10,137.77
2011-03-09,139.41
2011-03-08,139.36
2011-03-07,139.72
2011-03-04,139.35
2011-03-03,138.09
2011-03-02,139.92
2011-03-01,140.03
2011-02-28,137.66
2011-02-25,137.38
2011-02-24,136.48
2011-02-23,137.51
2011-02-22,136.29
2011-02-18,135.41
2011-02-17,135.04
2011-02-16,134.10
2011-02-15,133.97
2011-02-14,132.95
2011-02-11,132.32
2011-02-10,132.85
2011-02-09,133.07
2011-02-08,133.14
2011-02-07,131.68
2011-02-04,131.66
2011-02-03,132.20
2011-02-02,130.45
2011-02-01,130.80
2011-01-31,129.87
2011-01-28,130.28
2011-01-27,127.93
2011-01-26,131.16
2011-01-25,130.10
2011-01-24,130.36
2011-01-21,131.03
2011-01-20,131.20
2011-01-19,133.72
2011-01-18,133.43
2011-01-14,132.69
2011-01-13,134.05
2011-01-12,135.46
2011-01-11,134.91
2011-01-10,134.12
2011-01-07,133.58
2011-01-06,133.83
2011-01-05,134.37
2011-01-04,134.75
2011-01-03,138.00
2010-12-31,138.72
2010-12-30,137.03
2010-12-29,137.71
2010-12-28,137.22
2010-12-27,135.02
2010-12-23,134.66
2010-12-22,135.05
2010-12-21,135.32
2010-12-20,135.11
2010-12-17,134.20
2010-12-16,133.81
2010-12-15,134.70
2010-12-14,136.18
2010-12-13,136.05
2010-12-10,135.41
2010-12-09,135.37
2010-12-08,134.79
2010-12-07,136.50
2010-12-06,139.11
2010-12-03,138.07
2010-12-02,135.20
2010-12-01,135.38
2010-11-30,135.42
2010-11-29,133.51
2010-11-26,133.11
2010-11-24,134.18
2010-11-23,134.41
2010-11-22,133.48
2010-11-19,132.20
2010-11-18,132.09
2010-11-17,130.38
2010-11-16,130.97
2010-11-15,132.42
2010-11-12,133.69
2010-11-11,137.66
2010-11-10,137.24
2010-11-09,135.59
2010-11-08,137.78
2010-11-05,136.38
2010-11-04,136.03
2010-11-03,131.57
2010-11-02,132.49
2010-11-01,131.92
2010-10-29,132.62
2010-10-28,131.24
2010-10-27,129.52
2010-10-26,130.88
2010-10-25,130.85
2010-10-22,129.73
2010-10-21,129.47
2010-10-20,131.32
2010-10-19,130.11
2010-10-18,134.28
2010-10-15,133.68
2010-10-14,134.75
2010-10-13,134.07
2010-10-12,131.96
2010-10-11,132.29
2010-10-08,131.66
2010-10-07,130.37
2010-10-06,131.81
2010-10-05,130.99
2010-10-04,128.46
2010-10-01,128.91
2010-09-30,127.91
2010-09-29,127.95
2010-09-28,127.85
2010-09-27,126.72
2010-09-24,126.69
2010-09-23,126.30
2010-09-22,126.20
2010-09-21,126.01
2010-09-20,124.87
2010-09-17,124.54
2010-09-16,124.63
2010-09-15,123.94
2010-09-14,124.02
2010-09-13,121.62
2010-09-10,121.73
2010-09-09,121.56
2010-09-08,122.71
2010-09-07,122.70
2010-09-03,121.86
2010-09-02,122.29
2010-09-01,121.69
2010-08-31,122.08
2010-08-30,120.91
2010-08-27,121.01
2010-08-26,120.96
2010-08-25,121.36
2010-08-24,120.36
2010-08-23,119.78
2010-08-20,119.97
2010-08-19,120.39
2010-08-18,120.22
2010-08-17,119.75
2010-08-16,119.73
2010-08-13,118.74
2010-08-12,118.77
2010-08-11,117.34
2010-08-10,117.73
2010-08-09,117.40
2010-08-06,117.84
2010-08-05,116.98
2010-08-04,116.72
2010-08-03,115.99
2010-08-02,115.54
2010-07-30,115.49
2010-07-29,114.29
2010-07-28,113.78
2010-07-27,113.51
2010-07-26,115.52
2010-07-23,116.09
2010-07-22,116.86
2010-07-21,115.85
2010-07-20,116.65
2010-07-19,115.73
2010-07-16,116.67
2010-07-15,118.23
2010-07-14,118.30
2010-07-13,118.36
2010-07-12,117.34
2010-07-09,118.36
2010-07-08,117.21
2010-07-07,117.73
2010-07-06,116.51
2010-07-02,118.49
2010-07-01,117.04
2010-06-30,121.68
2010-06-29,121.27
2010-06-28,121.09
2010-06-25,122.76
2010-06-24,121.30
2010-06-23,120.95
2010-06-22,121.45
2010-06-21,120.39
2010-06-18,122.83
2010-06-17,121.90
2010-06-16,120.33
2010-06-15,120.99
2010-06-14,119.60
2010-06-11,120.01
2010-06-10,118.97
2010-06-09,120.56
2010-06-08,121.00
2010-06-07,121.49
2010-06-04,119.19
2010-06-03,117.96
2010-06-02,119.78
2010-06-01,119.91
2010-05-28,118.88
2010-05-27,118.69
2010-05-26,118.47
2010-05-25,117.36
2010-05-24,116.84
2010-05-21,115.22
2010-05-20,115.84
2010-05-19,116.63
2010-05-18,119.49
2010-05-17,119.36
2010-05-14,120.37
2010-05-13,120.56
2010-05-12,121.40
2010-05-11,120.66
2010-05-10,117.57
2010-05-07,118.27
2010-05-06,118.49
2010-05-05,115.09
2010-05-04,114.87
2010-05-03,115.73
2010-04-30,115.36
2010-04-29,114.28
2010-04-28,114.31
2010-04-27,114.63
2010-04-26,112.75
2010-04-23,113.19
2010-04-22,111.84
2010-04-21,112.31
2010-04-20,111.46
2010-04-19,111.15
2010-04-16,111.24
2010-04-15,113.65
2010-04-14,113.03
2010-04-13,112.69
2010-04-12,113.01
2010-04-09,113.64
2010-04-08,112.65
2010-04-07,112.49
2010-04-06,111.03
2010-04-05,110.89
2010-04-01,110.26
2010-03-31,108.95
2010-03-30,107.97
2010-03-29,108.75
2010-03-26,108.59
2010-03-25,106.78
2010-03-24,106.30
2010-03-23,108.32
2010-03-22,107.75
2010-03-19,108.28
2010-03-18,110.34
2010-03-17,109.59
2010-03-16,110.40
2010-03-15,108.36
2010-03-12,107.95
2010-03-11,108.60
2010-03-10,108.47
2010-03-09,109.72
2010-03-08,109.88
2010-03-05,110.81
2010-03-04,110.83
2010-03-03,111.63
2010-03-02,111.02
2010-03-01,109.43
2010-02-26,109.43
2010-02-25,108.31
2010-02-24,107.36
2010-02-23,107.89
2010-02-22,109.07
2010-02-19,109.47
2010-02-18,109.98
2010-02-17,109.25
2010-02-16,109.62
2010-02-12,107.04
2010-02-11,107.13
2010-02-10,105.12
2010-02-09,105.41
2010-02-08,104.04
2010-02-05,104.68
2010-02-04,104.37
2010-02-03,108.70
2010-02-02,109.13
2010-02-01,108.35
2010-01-29,105.96
2010-01-28,106.48
2010-01-27,106.53
2010-01-26,107.56
2010-01-25,107.48
2010-01-22,107.17
2010-01-21,107.37
2010-01-20,108.94
2010-01-19,111.52
2010-01-15,110.86
2010-01-14,112.03
2010-01-13,111.54
2010-01-12,110.49
2010-01-11,112.85
2010-01-08,111.37
2010-01-07,110.82
2010-01-06,111.51
2010-01-05,109.70
2010-01-04,109.80
2009-12-31,107.31
2009-12-30,106.93
2009-12-29,107.47
2009-12-28,108.55
2009-12-24,108.36
2009-12-23,106.55
2009-12-22,106.17
2009-12-21,106.95
2009-12-18,108.95
2009-12-17,107.34
2009-12-16,111.59
2009-12-15,110.21
2009-12-14,110.24
2009-12-11,109.32
2009-12-10,110.82
2009-12-09,110.84
2009-12-08,110.95
2009-12-07,113.11
2009-12-04,113.75
2009-12-03,118.70
2009-12-02,119.18
2009-12-01,117.38
2009-11-30,115.64
2009-11-27,115.06
2009-11-25,116.62
2009-11-24,114.73
2009-11-23,114.29
2009-11-20,112.94
2009-11-19,112.30
2009-11-18,112.25
2009-11-17,111.97
2009-11-16,111.63
2009-11-13,109.74
2009-11-12,108.21
2009-11-11,109.60
2009-11-10,108.39
2009-11-09,108.19
2009-11-06,107.43
2009-11-05,106.98
2009-11-04,107.10
2009-11-03,106.46
2009-11-02,103.95
2009-10-30,102.53
2009-10-29,102.69
2009-10-28,100.73
2009-10-27,101.85
2009-10-26,101.86
2009-10-23,103.49
2009-10-22,103.92
2009-10-21,103.75
2009-10-20,103.42
2009-10-19,104.23
2009-10-16,103.18
2009-10-15,102.86
2009-10-14,104.18
2009-10-13,104.26
2009-10-12,103.56
2009-10-09,102.84
2009-10-08,103.64
2009-10-07,102.36
2009-10-06,102.28
2009-10-05,99.82
2009-10-02,98.37
2009-10-01,97.89
2009-09-30,98.85
2009-09-29,97.43
2009-09-28,97.05
2009-09-25,97.00
2009-09-24,97.55
2009-09-23,98.83
2009-09-22,99.67
2009-09-21,98.36
2009-09-18,98.67
2009-09-17,99.34
2009-09-16,99.91
2009-09-15,98.90
2009-09-14,97.96
2009-09-11,98.78
2009-09-10,97.70
2009-09-09,97.08
2009-09-08,97.43
2009-09-04,97.53
2009-09-03,97.46
2009-09-02,96.19
2009-09-01,93.90
2009-08-31,93.40
2009-08-28,93.87
2009-08-27,93.19
2009-08-26,92.79
2009-08-25,92.76
2009-08-24,92.34
2009-08-21,93.65
2009-08-20,92.27
2009-08-19,92.53
2009-08-18,92.06
2009-08-17,91.61
2009-08-14,93.00
2009-08-13,93.72
2009-08-12,92.95
2009-08-11,92.79
2009-08-10,92.93
2009-08-07,93.75
2009-08-06,94.60
2009-08-05,94.78
2009-08-04,94.68
2009-08-03,93.87
2009-07-31,93.35
2009-07-30,91.62
2009-07-29,91.20
2009-07-28,92.11
2009-07-27,93.71
2009-07-24,93.41
2009-07-23,93.26
2009-07-22,93.44
2009-07-21,93.13
2009-07-20,93.28
2009-07-17,91.93
2009-07-16,91.98
2009-07-15,92.24
2009-07-14,90.81
2009-07-13,90.19
2009-07-10,89.58
2009-07-09,89.51
2009-07-08,89.27
2009-07-07,90.71
2009-07-06,90.76
2009-07-02,91.25
2009-07-01,92.39
2009-06-30,91.18
2009-06-29,92.04
2009-06-26,92.29
2009-06-25,92.31
2009-06-24,91.45
2009-06-23,90.92
2009-06-22,90.54
2009-06-19,91.90
2009-06-18,91.61
2009-06-17,92.35
2009-06-16,91.93
2009-06-15,91.10
2009-06-12,92.17
2009-06-11,93.70
2009-06-10,93.86
2009-06-09,93.83
2009-06-08,93.56
2009-06-05,93.71
2009-06-04,96.23
2009-06-03,94.41
2009-06-02,96.36
2009-06-01,95.73
2009-05-29,96.20
2009-05-28,94.24
2009-05-27,93.45
2009-05-26,93.76
2009-05-22,94.15
2009-05-21,93.85
2009-05-20,92.25
2009-05-19,90.96
2009-05-18,90.36
2009-05-15,91.55
2009-05-14,91.03
2009-05-13,91.09
2009-05-12,90.70
2009-05-11,89.69
2009-05-08,89.98
2009-05-07,89.44
2009-05-06,89.54
2009-05-05,88.25
2009-05-04,88.64
2009-05-01,86.95
2009-04-30,87.27
2009-04-29,88.33
2009-04-28,87.75
2009-04-27,89.01
2009-04-24,89.72
2009-04-23,88.80
2009-04-22,87.38
2009-04-21,86.89
2009-04-20,86.95
2009-04-17,85.22
2009-04-16,85.81
2009-04-15,87.50
2009-04-14,87.37
2009-04-13,87.88
2009-04-09,86.31
2009-04-08,86.61
2009-04-07,86.74
2009-04-06,85.27
2009-04-03,87.59
2009-04-02,88.80
2009-04-01,91.03
2009-03-31,90.28
2009-03-30,89.98
2009-03-27,90.69
2009-03-26,91.93
2009-03-25,91.98
2009-03-24,90.95
2009-03-23,92.08
2009-03-20,93.59
2009-03-19,94.35
2009-03-18,93.09
2009-03-17,90.04
2009-03-16,90.80
2009-03-13,91.30
2009-03-12,91.10
2009-03-11,89.22
2009-03-10,88.14
2009-03-09,90.57
2009-03-06,92.29
2009-03-05,91.99
2009-03-04,88.99
2009-03-03,90.04
2009-03-02,90.93
2009-02-27,92.63
2009-02-26,93.06
2009-02-25,93.15
2009-02-24,94.73
2009-02-23,97.73
2009-02-20,97.80
2009-02-19,95.77
2009-02-18,96.91
2009-02-17,95.45
2009-02-13,92.55
2009-02-12,93.17
2009-02-11,92.29
2009-02-10,90.21
2009-02-09,88.32
2009-02-06,89.59
2009-02-05,90.12
2009-02-04,89.18
2009-02-03,88.47
2009-02-02,88.84
2009-01-30,91.31
2009-01-29,89.50
2009-01-28,87.42
2009-01-27,88.38
2009-01-26,88.95
2009-01-23,88.53
2009-01-22,84.58
2009-01-21,84.15
2009-01-20,84.52
2009-01-16,82.71
2009-01-15,80.39
2009-01-14,79.79
2009-01-13,80.88
2009-01-12,80.76
2009-01-09,83.92
2009-01-08,84.46
2009-01-07,82.75
2009-01-06,85.13
2009-01-05,84.48
2009-01-02,86.23
2008-12-31,86.52
2008-12-30,85.90
2008-12-29,86.35
2008-12-26,85.60
2008-12-24,83.46
2008-12-23,82.63
2008-12-22,83.46
2008-12-19,82.63
2008-12-18,83.87
2008-12-17,85.43
2008-12-16,84.46
2008-12-15,82.60
2008-12-12,80.81
2008-12-11,80.65
2008-12-10,79.75
2008-12-09,76.33
2008-12-08,76.20
2008-12-05,74.52
2008-12-04,75.50
2008-12-03,76.18
2008-12-02,76.95
2008-12-01,75.65
2008-11-28,80.31
2008-11-26,80.38
2008-11-25,80.87
2008-11-24,80.91
2008-11-21,78.85
2008-11-20,73.45
2008-11-19,72.26
2008-11-18,72.51
2008-11-17,72.65
2008-11-14,73.30
2008-11-13,72.15
2008-11-12,70.00
2008-11-11,72.05
2008-11-10,73.58
2008-11-07,72.50
2008-11-06,72.22
2008-11-05,72.80
2008-11-04,75.48
2008-11-03,71.10
2008-10-31,71.34
2008-10-30,72.71
2008-10-29,74.00
2008-10-28,73.79
2008-10-27,72.18
2008-10-24,72.21
2008-10-23,70.65
2008-10-22,71.71
2008-10-21,76.03
2008-10-20,78.50
2008-10-17,77.21
2008-10-16,79.29
2008-10-15,83.31
2008-10-14,82.20
2008-10-13,81.99
2008-10-10,83.22
2008-10-09,89.90
2008-10-08,89.42
2008-10-07,87.27
2008-10-06,84.28
2008-10-03,82.59
2008-10-02,82.33
2008-10-01,85.97
2008-09-30,85.07
2008-09-29,89.57
2008-09-26,86.64
2008-09-25,86.45
2008-09-24,86.71
2008-09-23,88.32
2008-09-22,89.18
2008-09-19,85.98
2008-09-18,82.80
2008-09-17,85.46
2008-09-16,76.79
2008-09-15,77.56
2008-09-12,75.55
2008-09-11,73.08
2008-09-10,74.22
2008-09-09,76.49
2008-09-08,78.86
2008-09-05,78.98
2008-09-04,78.39
2008-09-03,78.89
2008-09-02,79.20
2008-08-29,81.71
2008-08-28,82.18
2008-08-27,81.36
2008-08-26,81.23
2008-08-25,80.93
2008-08-22,81.08
2008-08-21,82.30
2008-08-20,80.06
2008-08-19,80.43
2008-08-18,78.80
2008-08-15,77.63
2008-08-14,79.35
2008-08-13,81.56
2008-08-12,80.52
2008-08-11,81.13
2008-08-08,84.43
2008-08-07,86.09
2008-08-06,86.64
2008-08-05,86.08
2008-08-04,88.14
2008-08-01,89.57
2008-07-31,90.08
2008-07-30,89.52
2008-07-29,90.59
2008-07-28,91.73
2008-07-25,91.69
2008-07-24,91.33
2008-07-23,90.57
2008-07-22,93.06
2008-07-21,95.12
2008-07-18,94.17
2008-07-17,94.22
2008-07-16,94.44
2008-07-15,96.17
2008-07-14,95.91
2008-07-11,95.16
2008-07-10,93.53
2008-07-09,91.50
2008-07-08,90.86
2008-07-07,91.23
2008-07-03,92.06
2008-07-02,93.17
2008-07-01,92.66
2008-06-30,91.40
2008-06-27,91.47
2008-06-26,90.61
2008-06-25,87.42
2008-06-24,87.47
2008-06-23,87.09
2008-06-20,88.95
2008-06-19,88.42
2008-06-18,88.28
2008-06-17,87.25
2008-06-16,87.01
2008-06-13,85.83
2008-06-12,85.60
2008-06-11,87.02
2008-06-10,85.55
2008-06-09,87.99
2008-06-06,89.06
2008-06-05,86.45
2008-06-04,86.65
2008-06-03,86.88
2008-06-02,87.96
2008-05-30,87.45
2008-05-29,86.51
2008-05-28,89.14
2008-05-27,89.36
2008-05-23,91.23
2008-05-22,90.98
2008-05-21,91.96
2008-05-20,90.90
2008-05-19,89.39
2008-05-16,89.10
2008-05-15,87.00
2008-05-14,85.20
2008-05-13,85.39
2008-05-12,86.99
2008-05-09,87.42
2008-05-08,87.24
2008-05-07,85.82
2008-05-06,86.63
2008-05-05,86.27
2008-05-02,84.58
2008-05-01,83.99
2008-04-30,86.65
2008-04-29,85.81
2008-04-28,87.69
2008-04-25,87.27
2008-04-24,87.22
2008-04-23,89.22
2008-04-22,90.27
2008-04-21,90.25
2008-04-18,90.62
2008-04-17,92.56
2008-04-16,93.27
2008-04-15,91.66
2008-04-14,91.11
2008-04-11,91.30
2008-04-10,91.77
2008-04-09,92.29
2008-04-08,90.35
2008-04-07,91.17
2008-04-04,90.25
2008-04-03,89.42
2008-04-02,89.27
2008-04-01,86.86
2008-03-31,90.41
2008-03-28,91.88
2008-03-27,93.46
2008-03-26,93.80
2008-03-25,92.73
2008-03-24,90.10
2008-03-20,89.91
2008-03-19,93.04
2008-03-18,96.50
2008-03-17,99.17
2008-03-14,98.71
2008-03-13,98.34
2008-03-12,97.01
2008-03-11,95.99
2008-03-10,95.87
2008-03-07,96.09
2008-03-06,96.50
2008-03-05,97.72
2008-03-04,95.18
2008-03-03,97.24
2008-02-29,96.18
2008-02-28,95.99
2008-02-27,94.78
2008-02-26,93.71
2008-02-25,92.74
2008-02-22,93.39
2008-02-21,93.25
2008-02-20,93.24
2008-02-19,91.58
2008-02-15,89.15
2008-02-14,89.71
2008-02-13,89.44
2008-02-12,89.33
2008-02-11,91.33
2008-02-08,91.00
2008-02-07,89.85
2008-02-06,88.95
2008-02-05,87.68
2008-02-04,89.10
2008-02-01,89.35
2008-01-31,91.40
2008-01-30,92.06
2008-01-29,91.15
2008-01-28,91.75
2008-01-25,90.30
2008-01-24,90.08
2008-01-23,87.89
2008-01-22,88.17
2008-01-18,87.42
2008-01-17,86.50
2008-01-16,86.70
2008-01-15,87.99
2008-01-14,89.54
2008-01-11,88.58
2008-01-10,88.25
2008-01-09,86.55
2008-01-08,86.78
2008-01-07,84.77
2008-01-04,85.13
2008-01-03,85.57
2008-01-02,84.86
2007-12-31,82.46
2007-12-28,83.00
2007-12-27,81.56
2007-12-26,81.52
2007-12-24,80.14
2007-12-21,80.10
2007-12-20,78.67
2007-12-19,79.24
2007-12-18,79.25
2007-12-17,78.13
2007-12-14,78.52
2007-12-13,78.50
2007-12-12,80.49
2007-12-11,78.84
2007-12-10,80.00
2007-12-07,78.60
2007-12-06,79.37
2007-12-05,78.63
2007-12-04,79.40
2007-12-03,78.28
2007-11-30,77.32
2007-11-29,78.28
2007-11-28,79.57
2007-11-27,80.10
2007-11-26,81.30
2007-11-23,81.25
2007-11-21,79.36
2007-11-20,79.47
2007-11-19,77.24
2007-11-16,77.75
2007-11-15,77.95
2007-11-14,80.28
2007-11-13,79.12
2007-11-12,78.30
2007-11-09,82.18
2007-11-08,82.23
2007-11-07,82.24
2007-11-06,81.43
2007-11-05,79.75
2007-11-02,79.83
2007-11-01,77.93
2007-10-31,78.62
2007-10-30,77.35
2007-10-29,78.12
2007-10-26,77.69
2007-10-25,76.03
2007-10-24,75.52
2007-10-23,75.23
2007-10-22,74.60
2007-10-19,75.70
2007-10-18,76.00
2007-10-17,74.50
2007-10-16,75.12
2007-10-15,75.14
2007-10-12,74.59
2007-10-11,73.91
2007-10-10,73.36
2007-10-09,73.09
2007-10-08,72.53
2007-10-05,73.40
2007-10-04,72.87
2007-10-03,71.90
2007-10-02,72.35
2007-10-01,73.90
2007-09-28,73.51
2007-09-27,72.70
2007-09-26,72.00
2007-09-25,72.33
2007-09-24,72.28
2007-09-21,72.34
2007-09-20,72.72
2007-09-19,71.43
2007-09-18,71.70
2007-09-17,70.97
2007-09-14,69.99
2007-09-13,70.08
2007-09-12,70.46
2007-09-11,70.52
2007-09-10,69.62
2007-09-07,69.39
2007-09-06,68.86
2007-09-05,67.56
2007-09-04,67.44
2007-08-31,66.52
2007-08-30,65.80
2007-08-29,66.07
2007-08-28,65.59
2007-08-27,65.98
2007-08-24,66.11
2007-08-23,65.31
2007-08-22,65.40
2007-08-21,65.07
2007-08-20,65.12
2007-08-17,65.01
2007-08-16,64.68
2007-08-15,66.13
2007-08-14,66.29
2007-08-13,66.26
2007-08-10,66.57
2007-08-09,65.46
2007-08-08,66.77
2007-08-07,66.48
2007-08-06,66.52
2007-08-03,66.69
2007-08-02,65.89
2007-08-01,65.93
2007-07-31,65.79
2007-07-30,65.77
2007-07-27,65.41
2007-07-26,65.65
2007-07-25,66.90
2007-07-24,67.47
2007-07-23,67.47
2007-07-20,67.58
2007-07-19,67.01
2007-07-18,66.62
2007-07-17,65.75
2007-07-16,65.82
2007-07-13,66.03
2007-07-12,66.02
2007-07-11,65.44
2007-07-10,65.61
2007-07-09,65.38
2007-07-06,64.96
2007-07-05,64.42
2007-07-03,64.74
2007-07-02,65.02
2007-06-29,64.27
2007-06-28,64.26
2007-06-27,63.67
2007-06-26,63.62
2007-06-25,64.43
2007-06-22,64.78
2007-06-21,64.56
2007-06-20,64.71
2007-06-19,65.48
2007-06-18,64.95
2007-06-15,64.85
2007-06-14,64.60
2007-06-13,64.53
2007-06-12,64.10
2007-06-11,64.70
2007-06-08,64.22
2007-06-07,65.26
2007-06-06,66.41
2007-06-05,66.37
2007-06-04,66.54
2007-06-01,66.44
2007-05-31,65.54
2007-05-30,64.72
2007-05-29,65.07
2007-05-25,64.94
2007-05-24,64.75
2007-05-23,65.54
2007-05-22,65.20
2007-05-21,65.67
2007-05-18,65.52
2007-05-17,65.06
2007-05-16,65.60
2007-05-15,66.54
2007-05-14,66.28
2007-05-11,66.45
2007-05-10,66.00
2007-05-09,67.45
2007-05-08,67.88
2007-05-07,68.25
2007-05-04,68.19
2007-05-03,67.49
2007-05-02,66.66
2007-05-01,66.69
2007-04-30,67.09
2007-04-27,67.56
2007-04-26,66.87
2007-04-25,67.89
2007-04-24,67.73
2007-04-23,68.26
2007-04-20,68.70
2007-04-19,67.53
2007-04-18,68.38
2007-04-17,68.00
2007-04-16,68.40
2007-04-13,67.84
2007-04-12,66.99
2007-04-11,67.08
2007-04-10,67.16
2007-04-09,66.53
2007-04-05,66.86
2007-04-04,66.81
2007-04-03,65.83
2007-04-02,65.85
2007-03-30,65.74
2007-03-29,65.65
2007-03-28,66.05
2007-03-27,65.70
2007-03-26,65.84
2007-03-23,65.15
2007-03-22,65.76
2007-03-21,65.82
2007-03-20,65.27
2007-03-19,64.74
2007-03-16,64.62
2007-03-15,63.98
2007-03-14,63.94
2007-03-13,63.72
2007-03-12,64.37
2007-03-09,64.25
2007-03-08,64.48
2007-03-07,64.30
2007-03-06,64.15
2007-03-05,62.93
2007-03-02,63.71
2007-03-01,65.82
2007-02-28,66.48
2007-02-27,65.41
2007-02-26,68.10
2007-02-23,67.72
2007-02-22,67.15
2007-02-21,67.35
2007-02-20,65.31
2007-02-16,66.36
2007-02-15,66.41
2007-02-14,66.37
2007-02-13,65.84
2007-02-12,65.67
2007-02-09,66.12
2007-02-08,65.52
2007-02-07,64.63
2007-02-06,64.79
2007-02-05,64.31
2007-02-02,64.28
2007-02-01,65.22
2007-01-31,64.83
2007-01-30,64.22
2007-01-29,63.77
2007-01-26,64.17
2007-01-25,64.06
2007-01-24,64.33
2007-01-23,64.23
2007-01-22,62.72
2007-01-19,63.00
2007-01-18,62.26
2007-01-17,62.64
2007-01-16,61.97
2007-01-12,62.17
2007-01-11,60.63
2007-01-10,60.59
2007-01-09,60.85
2007-01-08,60.48
2007-01-05,60.17
2007-01-04,61.65
2007-01-03,62.28
2006-12-29,63.21
2006-12-28,62.90
2006-12-27,62.22
2006-12-26,61.98
2006-12-22,61.65
2006-12-21,61.38
2006-12-20,61.62
2006-12-19,61.80
2006-12-18,61.04
2006-12-15,61.00
2006-12-14,62.12
2006-12-13,62.48
2006-12-12,62.52
2006-12-11,62.57
2006-12-08,62.05
2006-12-07,62.73
2006-12-06,62.69
2006-12-05,63.81
2006-12-04,64.12
2006-12-01,64.12
2006-11-30,64.39
2006-11-29,63.16
2006-11-28,63.57
2006-11-27,63.70
2006-11-24,63.50
2006-11-22,62.50
2006-11-21,62.27
2006-11-20,61.77
2006-11-17,61.78
2006-11-16,61.31
2006-11-15,61.84
2006-11-14,61.63
2006-11-13,62.19
2006-11-10,62.49
2006-11-09,62.95
2006-11-08,61.11
2006-11-07,62.04
2006-11-06,61.89
2006-11-03,62.30
2006-11-02,61.92
2006-11-01,61.36
2006-10-31,60.24
2006-10-30,59.90
2006-10-27,59.40
2006-10-26,59.29
2006-10-25,58.76
2006-10-24,58.17
2006-10-23,57.76
2006-10-20,58.78
2006-10-19,59.41
2006-10-18,58.59
2006-10-17,58.65
2006-10-16,59.17
2006-10-13,58.57
2006-10-12,57.49
2006-10-11,56.88
2006-10-10,57.00
2006-10-09,57.20
2006-10-06,56.99
2006-10-05,56.92
2006-10-04,56.37
2006-10-03,57.11
2006-10-02,59.15
2006-09-29,59.47
2006-09-28,59.79
2006-09-27,59.81
2006-09-26,58.74
2006-09-25,58.50
2006-09-22,58.50
2006-09-21,57.95
2006-09-20,57.26
2006-09-19,56.92
2006-09-18,58.23
2006-09-15,57.40
2006-09-14,57.19
2006-09-13,58.62
2006-09-12,58.32
2006-09-11,58.50
2006-09-08,60.64
2006-09-07,61.25
2006-09-06,62.86
2006-09-05,63.36
2006-09-01,62.14
2006-08-31,62.29
2006-08-30,61.42
2006-08-29,60.94
2006-08-28,61.00
2006-08-25,61.77
2006-08-24,61.75
2006-08-23,61.83
2006-08-22,62.05
2006-08-21,62.44
2006-08-18,61.04
2006-08-17,61.03
2006-08-16,62.49
2006-08-15,62.01
2006-08-14,62.25
2006-08-11,62.71
2006-08-10,63.25
2006-08-09,64.63
2006-08-08,63.97
2006-08-07,64.50
2006-08-04,64.28
2006-08-03,64.12
2006-08-02,64.75
2006-08-01,64.32
2006-07-31,63.16
2006-07-28,63.11
2006-07-27,62.90
2006-07-26,62.00
2006-07-25,61.55
2006-07-24,61.14
2006-07-21,61.71
2006-07-20,62.54
2006-07-19,64.03
2006-07-18,62.90
2006-07-17,63.95
2006-07-14,65.85
2006-07-13,65.55
2006-07-12,64.92
2006-07-11,63.81
2006-07-10,62.02
2006-07-07,62.63
2006-07-06,63.02
2006-07-05,62.50
2006-07-03,62.18
2006-06-30,61.23
2006-06-29,59.52
2006-06-28,57.54
2006-06-27,57.68
2006-06-26,58.28
2006-06-23,57.99
2006-06-22,57.73
2006-06-21,58.33
2006-06-20,57.30
2006-06-19,56.36
2006-06-16,57.68
2006-06-15,57.32
2006-06-14,55.62
2006-06-13,55.92
2006-06-12,60.03
2006-06-09,60.45
2006-06-08,60.91
2006-06-07,62.28
2006-06-06,62.55
2006-06-05,63.29
2006-06-02,63.50
2006-06-01,62.56
2006-05-31,64.23
2006-05-30,65.11
2006-05-26,65.10
2006-05-25,64.70
2006-05-24,64.06
2006-05-23,66.38
2006-05-22,65.30
2006-05-19,65.58
2006-05-18,67.46
2006-05-17,68.15
2006-05-16,68.61
2006-05-15,67.41
2006-05-12,71.12
2006-05-11,71.03
2006-05-10,70.38
2006-05-09,69.68
2006-05-08,67.56
2006-05-05,67.99
2006-05-04,67.48
2006-05-03,66.46
2006-05-02,66.55
2006-05-01,65.16
2006-04-28,65.09
2006-04-27,62.96
2006-04-26,63.65
2006-04-25,62.78
2006-04-24,61.65
2006-04-21,63.20
2006-04-20,60.96
2006-04-19,63.75
2006-04-18,61.85
2006-04-17,61.09
2006-04-13,59.50
2006-04-12,59.43
2006-04-11,59.01
2006-04-10,59.60
2006-04-07,58.59
2006-04-06,59.28
2006-04-05,58.66
2006-04-04,58.33
2006-04-03,58.47
2006-03-31,58.10
2006-03-30,58.60
2006-03-29,57.07
2006-03-28,56.06
2006-03-27,56.39
2006-03-24,55.71
2006-03-23,54.70
2006-03-22,54.75
2006-03-21,54.83
2006-03-20,55.17
2006-03-17,55.12
2006-03-16,55.34
2006-03-15,55.12
2006-03-14,54.87
2006-03-13,54.31
2006-03-10,53.83
2006-03-09,54.24
2006-03-08,53.97
2006-03-07,54.95
2006-03-06,55.23
2006-03-03,56.28
2006-03-02,56.74
2006-03-01,56.10
2006-02-28,56.07
2006-02-27,55.22
2006-02-24,55.64
2006-02-23,54.64
2006-02-22,55.34
2006-02-21,55.12
2006-02-17,54.96
2006-02-16,54.52
2006-02-15,53.76
2006-02-14,54.49
2006-02-13,53.72
2006-02-10,54.79
2006-02-09,56.18
2006-02-08,54.83
2006-02-07,54.60
2006-02-06,56.72
2006-02-03,56.50
2006-02-02,56.98
2006-02-01,56.70
2006-01-31,56.70
2006-01-30,56.68
2006-01-27,55.63
2006-01-26,55.88
2006-01-25,56.14
2006-01-24,55.73
2006-01-23,55.77
2006-01-20,55.20
2006-01-19,55.59
2006-01-18,54.07
2006-01-17,55.26
2006-01-13,55.44
2006-01-12,54.43
2006-01-11,54.53
2006-01-10,54.06
2006-01-09,54.60
2006-01-06,53.72
2006-01-05,52.34
2006-01-04,53.30
2006-01-03,53.12
2005-12-30,51.58
2005-12-29,51.47
2005-12-28,51.47
2005-12-27,50.64
2005-12-23,50.12
2005-12-22,50.14
2005-12-21,49.37
2005-12-20,49.04
2005-12-19,50.22
2005-12-16,50.09
2005-12-15,50.24
2005-12-14,50.35
2005-12-13,51.65
2005-12-12,52.56
2005-12-09,52.40
2005-12-08,51.90
2005-12-07,51.32
2005-12-06,50.89
2005-12-05,50.78
2005-12-02,50.32
2005-12-01,50.17
2005-11-30,49.10
2005-11-29,49.80
2005-11-28,49.74
2005-11-25,49.42
2005-11-23,49.15
2005-11-22,49.32
2005-11-21,48.99
2005-11-18,48.46
2005-11-17,48.48
2005-11-16,47.78
2005-11-15,46.66
2005-11-14,46.62
2005-11-11,46.80
2005-11-10,46.48
2005-11-09,46.56
2005-11-08,45.91
2005-11-07,45.77
2005-11-04,45.51
2005-11-03,45.96
2005-11-02,46.13
2005-11-01,45.73
2005-10-31,46.40
2005-10-28,47.22
2005-10-27,47.18
2005-10-26,46.93
2005-10-25,47.06
2005-10-24,46.39
2005-10-21,46.52
2005-10-20,45.98
2005-10-19,46.34
2005-10-18,47.00
2005-10-17,47.26
2005-10-14,46.80
2005-10-13,47.02
2005-10-12,46.85
2005-10-11,47.39
2005-10-10,47.37
2005-10-07,47.36
2005-10-06,47.21
2005-10-05,46.36
2005-10-04,46.45
2005-10-03,46.42
2005-09-30,46.70
2005-09-29,47.10
2005-09-28,46.80
2005-09-27,46.25
2005-09-26,46.57
2005-09-23,46.28
2005-09-22,46.36
2005-09-21,47.06
2005-09-20,46.23
2005-09-19,46.25
2005-09-16,45.82
2005-09-15,45.42
2005-09-14,44.96
2005-09-13,44.56
2005-09-12,44.89
2005-09-09,44.84
2005-09-08,44.60
2005-09-07,44.33
2005-09-06,44.27
2005-09-02,44.25
2005-09-01,44.22
2005-08-31,43.40
2005-08-30,43.01
2005-08-29,43.57
2005-08-26,43.61
2005-08-25,43.73
2005-08-24,43.59
2005-08-23,43.76
2005-08-22,43.70
2005-08-19,43.60
2005-08-18,43.83
2005-08-17,43.91
2005-08-16,44.55
2005-08-15,44.13
2005-08-12,44.49
2005-08-11,44.45
2005-08-10,43.65
2005-08-09,43.34
2005-08-08,43.35
2005-08-05,43.60
2005-08-04,43.68
2005-08-03,43.53
2005-08-02,43.14
2005-08-01,43.13
2005-07-29,42.82
2005-07-28,42.75
2005-07-27,42.44
2005-07-26,42.25
2005-07-25,42.51
2005-07-22,42.45
2005-07-21,42.46
2005-07-20,42.20
2005-07-19,41.89
2005-07-18,42.01
2005-07-15,42.05
2005-07-14,41.90
2005-07-13,42.35
2005-07-12,42.64
2005-07-11,42.54
2005-07-08,42.26
2005-07-07,42.36
2005-07-06,42.25
2005-07-05,42.28
2005-07-01,42.70
2005-06-30,43.44
2005-06-29,43.63
2005-06-28,43.45
2005-06-27,43.91
2005-06-24,43.90
2005-06-23,44.02
2005-06-22,43.72
2005-06-21,43.81
2005-06-20,43.66
2005-06-17,43.63
2005-06-16,43.46
2005-06-15,42.74
2005-06-14,42.60
2005-06-13,42.78
2005-06-10,42.62
2005-06-09,42.27
2005-06-08,42.34
2005-06-07,42.38
2005-06-06,42.48
2005-06-03,42.17
2005-06-02,42.10
2005-06-01,41.53
2005-05-31,41.65
2005-05-27,41.88
2005-05-26,41.69
2005-05-25,41.87
2005-05-24,41.73
2005-05-23,41.62
2005-05-20,41.65
2005-05-19,41.98
2005-05-18,42.05
2005-05-17,41.86
2005-05-16,41.88
2005-05-13,41.95
2005-05-12,42.16
2005-05-11,42.69
2005-05-10,42.64
2005-05-09,42.55
2005-05-06,42.52
2005-05-05,42.91
2005-05-04,42.90
2005-05-03,42.76
2005-05-02,42.88
2005-04-29,43.35
2005-04-28,43.00
2005-04-27,43.20
2005-04-26,43.64
2005-04-25,43.44
2005-04-22,43.39
2005-04-21,43.19
2005-04-20,43.40
2005-04-19,43.28
2005-04-18,42.69
2005-04-15,42.40
2005-04-14,42.31
2005-04-13,42.90
2005-04-12,42.84
2005-04-11,42.78
2005-04-08,42.69
2005-04-07,42.57
2005-04-06,42.63
2005-04-05,42.45
2005-04-04,42.40
2005-04-01,42.62
2005-03-31,42.82
2005-03-30,42.61
2005-03-29,42.56
2005-03-28,42.54
2005-03-24,42.39
2005-03-23,42.42
2005-03-22,42.65
2005-03-21,43.09
2005-03-18,43.89
2005-03-17,43.82
2005-03-16,44.31
2005-03-15,44.06
2005-03-14,44.03
2005-03-11,44.43
2005-03-10,44.20
2005-03-09,44.02
2005-03-08,44.03
2005-03-07,43.47
2005-03-04,43.38
2005-03-03,42.97
2005-03-02,43.25
2005-03-01,43.22
2005-02-28,43.53
2005-02-25,43.50
2005-02-24,43.33
2005-02-23,43.42
2005-02-22,43.57
2005-02-18,42.75
2005-02-17,42.73
2005-02-16,42.52
2005-02-15,42.58
2005-02-14,42.55
2005-02-11,42.08
2005-02-10,41.75
2005-02-09,41.31
2005-02-08,41.26
2005-02-07,41.27
2005-02-04,41.47
2005-02-03,41.68
2005-02-02,42.16
2005-02-01,42.10
2005-01-31,42.22
2005-01-28,42.69
2005-01-27,42.62
2005-01-26,42.69
2005-01-25,42.24
2005-01-24,42.77
2005-01-21,42.74
2005-01-20,42.25
2005-01-19,42.26
2005-01-18,42.32
2005-01-14,42.32
2005-01-13,42.60
2005-01-12,42.60
2005-01-11,42.21
2005-01-10,41.95
2005-01-07,41.84
2005-01-06,42.15
2005-01-05,42.67
2005-01-04,42.74
2005-01-03,43.02
2004-12-31,43.80
2004-12-30,43.83
2004-12-29,43.66
2004-12-28,44.37
2004-12-27,44.48
2004-12-23,44.27
2004-12-22,44.02
2004-12-21,44.22
2004-12-20,44.34
2004-12-17,44.19
2004-12-16,43.68
2004-12-15,43.99
2004-12-14,43.55
2004-12-13,43.91
2004-12-10,43.44
2004-12-09,43.78
2004-12-08,44.01
2004-12-07,45.11
2004-12-06,45.17
2004-12-03,45.60
2004-12-02,44.95
2004-12-01,45.38
2004-11-30,45.12
2004-11-29,45.40
2004-11-26,45.29
2004-11-24,45.05
2004-11-23,44.75
2004-11-22,44.95
2004-11-19,44.78
